dmp_gctc,Is @SlackHQ the New #Student Centered #LMS https:// medium.com/synapse/is-sla ck-the-new-lms-7d1c15ff964f … #edtech #education #teachers #edchat,0,@SlackHQ,#Student #LMS #edtech #education #teachers #edchat
Chocolate_Vent,Why #Minority #Teachers Are Quitting at Rapid Rates - http://www. theatlantic.com/education/arch ive/2015/09/teacher-diversity-viz/406033/ … #school #education #students #kids #help,0,,#Minority #Teachers #school #education #students #kids #help
Edufacey,Students ' Need to Learn Trumps Teachers ' Need to Teach http:// inservice.ascd.org/we-cant-change -our-past-but-we-can-change-our-narrative/ … #Learning #Education,0,,#Learning #Education
theSMARTsub,How to create meaningful conversation in your #classroom . http:// ow.ly/SMrQj #educationmatters #education #students #teachers,0,,#classroom #educationmatters #education #students #teachers
tutorloop,http:// rschoolgroup.org/news/babies-an d-ipads-might-not-be-such-a-great-combination-after-all/ … #withtutorsloop #webinars #meetings #lessons #educators #teachers #students #education #personalbranding #learning,0,,#withtutorsloop #webinars #meetings #lessons #educators #teachers #students #education #personalbranding #learning
dmp_gctc,Is @SlackHQ the New #Student Centered #LMS https:// medium.com/synapse/is-sla ck-the-new-lms-7d1c15ff964f … #edtech #education #teachers #edchat,0,@SlackHQ,#Student #LMS #edtech #education #teachers #edchat
Chocolate_Vent,Why #Minority #Teachers Are Quitting at Rapid Rates - http://www. theatlantic.com/education/arch ive/2015/09/teacher-diversity-viz/406033/ … #school #education #students #kids #help,0,,#Minority #Teachers #school #education #students #kids #help
Edufacey,Students ' Need to Learn Trumps Teachers ' Need to Teach http:// inservice.ascd.org/we-cant-change -our-past-but-we-can-change-our-narrative/ … #Learning #Education,0,,#Learning #Education
theSMARTsub,How to create meaningful conversation in your #classroom . http:// ow.ly/SMrQj #educationmatters #education #students #teachers,0,,#classroom #educationmatters #education #students #teachers
tutorloop,http:// rschoolgroup.org/news/babies-an d-ipads-might-not-be-such-a-great-combination-after-all/ … #withtutorsloop #webinars #meetings #lessons #educators #teachers #students #education #personalbranding #learning,0,,#withtutorsloop #webinars #meetings #lessons #educators #teachers #students #education #personalbranding #learning
dmp_gctc,Is @SlackHQ the New #Student Centered #LMS https:// medium.com/synapse/is-sla ck-the-new-lms-7d1c15ff964f … #edtech #education #teachers #edchat,0,@SlackHQ,#Student #LMS #edtech #education #teachers #edchat
Chocolate_Vent,Why #Minority #Teachers Are Quitting at Rapid Rates - http://www. theatlantic.com/education/arch ive/2015/09/teacher-diversity-viz/406033/ … #school #education #students #kids #help,0,,#Minority #Teachers #school #education #students #kids #help
Edufacey,Students ' Need to Learn Trumps Teachers ' Need to Teach http:// inservice.ascd.org/we-cant-change -our-past-but-we-can-change-our-narrative/ … #Learning #Education,0,,#Learning #Education
theSMARTsub,How to create meaningful conversation in your #classroom . http:// ow.ly/SMrQj #educationmatters #education #students #teachers,0,,#classroom #educationmatters #education #students #teachers
tutorloop,http:// rschoolgroup.org/news/babies-an d-ipads-might-not-be-such-a-great-combination-after-all/ … #withtutorsloop #webinars #meetings #lessons #educators #teachers #students #education #personalbranding #learning,0,,#withtutorsloop #webinars #meetings #lessons #educators #teachers #students #education #personalbranding #learning
